Workbook
Name col_a: 'Vazoes e Calculo Hidraulico'!#REF!
Name col_b: 'Vazoes e Calculo Hidraulico'!#REF!
Name Coletor: OFFSET('Vazoes e Calculo Hidraulico'!#REF!,0,0,COUNTA('Vazoes e Calculo Hidraulico'!$B:$B),1)
Name Cotas: OFFSET('Vazoes e Calculo Hidraulico'!#REF!,0,0,COUNTA('Vazoes e Calculo Hidraulico'!#REF!),40)
Name EEq_trecho: OFFSET('Vazoes e Calculo Hidraulico'!$D$18,0,0,COUNTA('Vazoes e Calculo Hidraulico'!$Y:$Y),1)
Name N_Coletor: 'Vazoes e Calculo Hidraulico'!#REF!
Name Q_trecho: 'Vazoes e Calculo Hidraulico'!#REF!
Name Qeq_trecho: 'Vazoes e Calculo Hidraulico'!#REF!
Name trecho: OFFSET('Vazoes e Calculo Hidraulico'!#REF!,0,0,COUNTA('Vazoes e Calculo Hidraulico'!#REF!),1)

Sheet Vazoes e Calculo Hidraulico
B1: Curso - Sistema Condominial de Esgoto
B2: Estimativa de Vazões e Capacidade das Tubulações de Esgoto
B5: Preencher somente as células em amarelo | K5: Capacidade Mínima de Tubulações - Auxiliar para Dimensionamiento Simplificado de Coletores de Esgoto
B6: PARÂMETROS E CRITERIOS BASICOS : | F6: PARâMETROS DE REFERÊNCIA
B8: Per capita de Água | D8: 200 | E8: l/hab/dia | F8: Força trativa mín | H8: 1 | I8: Pa | K8: Diâmetros (mm) | L8: Capacidade mínima da tubulação | O8: Declividade considerada (m/m)
B9: Taxa de ocupação | D9: 5 | E9: hab/casa | F9: Lâmina máxima | H9: 0.75 | I9: y/do | L9: l/s | M9: quantidade Habitantes (eq) | N9: quantidade Residencias (eq)
B10: C (Coef. retorno de esgoto) | D10: 0.8 | F10: Vazão mínima | H10: 1.5 | I10: l/s | K10: 100 | M10: =IFERROR(N10*$D$9,0) -> 0 | N10: =IFERROR(L10/($D$8*$D$9*$D$10*$D$11*$D$12/86400),0) -> 0
B11: K1 (Coef máx. diário) | D11: 1.2 | K11: 150 | L11: 9.25 | M11: =IFERROR(N11*$D$9,0) -> 2775 | N11: =IFERROR(L11/($D$8*$D$9*$D$10*$D$11*$D$12/86400),0) -> 555 | O11: 0.0045
B12: K2 (Coef máx. horario) | D12: 1.5 | K12: 200 | L12: 20 | M12: =IFERROR(N12*$D$9,0) -> 6000 | N12: =IFERROR(L12/($D$8*$D$9*$D$10*$D$11*$D$12/86400),0) -> 1200 | O12: 0.0045
B13: n (Coef. Manning) | D13: 0.013 | K13: 250 | L13: 36.17 | M13: =IFERROR(N13*$D$9,0) -> 10851 | N13: =IFERROR(L13/($D$8*$D$9*$D$10*$D$11*$D$12/86400),0) -> 2170.2 | O13: 0.0045
K14: 315 | M14: =IFERROR(N14*$D$9,0) -> 0 | N14: =IFERROR(L14/($D$8*$D$9*$D$10*$D$11*$D$12/86400),0) -> 0
B15: INFORMAÇÃO DO TRECHO | K15: 400 | M15: =IFERROR(N15*$D$9,0) -> 0 | N15: =IFERROR(L15/($D$8*$D$9*$D$10*$D$11*$D$12/86400),0) -> 0
K16: Obs.: Essas vazões não consideram a vazão de infiltração na Rede Básica
B17: Quantidade de Residencias | D17: 2170 | E17: ud
B18: Vazão estimada | D18: =D8*D9*D10*D11*D12/86400*D17 -> 36.166667 | E18: l/s
B19: Vazão de cálculo | D19: =IF(D18<$H$10,$H$10,D18) -> 36.166667 | E19: l/s
B21: Declividade (I) | D21: 0.0045 | E21: m/m
B22: Diâmetro (DN) | D22: 250 | E22: mm
B24: SEÇÃO HIDRÁULICA E CONDIÇÃO DE ESCOAMENTO
B25: Área hidráulica (A) | D25: =CH!$AA$6 -> 0.039289517 | E25: m2
B26: Perimetro molhado (P) | D26: =CH!$AB$6 -> 0.52146282 | E26: m2
B27: Raio hidráulico (Rh) | D27: =CH!$AD$6 -> 0.075344809 | E27: m
B29: Tirante (y/Do) | D29: =CH!$AE$6 -> 0.74629134
B30: Força trativa | D30: =CH!$AF$6 -> 3.3905164 | E30: Pa
B31: Velocidade | D31: =CH!$AG$6 -> 0.92051696 | E31: m/s
B34: Pery Nazareth
AL35: OCULTAR

Sheet CH
C5: Qcalc (l/s) | D5: Diam (mm) | E5: I (m/m) | F5: n | G5: TETA | H5: E | I5: E' | Y5: Teta | AA5: A | AB5: P | AC5: Y | AD5: Rh | AE5: y/D | AF5: ttrat | AG5: V
C6: ='Vazoes e Calculo Hidraulico'!D19 -> 36.166667 | D6: ='Vazoes e Calculo Hidraulico'!D22 -> 250 | E6: ='Vazoes e Calculo Hidraulico'!D21 -> 0.0045 | F6: ='Vazoes e Calculo Hidraulico'!D13 -> 0.013 | G6: =ABS(X6-Y6) -> 0 | H6: =(F6*C6/1000)/((E6^0.5)*((D6/1000)^(8/3))) -> 0.28257835 | I6: =8*(((H6^3)/4)^0.2) -> 2.8402811 | J6: =PI() -> 3.1415927 | K6: =$I6*(J6^0.4)+(SIN(J6)) -> 4.4897408 | L6: =$I6*(K6^0.4)+(SIN(K6)) -> 4.2037306 | M6: =$I6*(L6^0.4)+(SIN(L6)) -> 4.1710682 | N6: =$I6*(M6^0.4)+(SIN(M6)) -> 4.1717234 | O6: =$I6*(N6^0.4)+(SIN(N6)) -> 4.1717019 | P6: =$I6*(O6^0.4)+(SIN(O6)) -> 4.1717026 | Q6: =$I6*(P6^0.4)+(SIN(P6)) -> 4.1717026 | R6: =$I6*(Q6^0.4)+(SIN(Q6)) -> 4.1717026 | ... Y6: =$I6*(X6^0.4)+(SIN(X6)) -> 4.1717026 | Z6: =(AD6^(2/3)*E6^0.5/F6) -> 0.92051696 | AA6: =IF(Y6>2*PI(),0,((D6/1000)^2)/8*(Y6-SIN(Y6))) -> 0.039289517 | AB6: =IF(Y6>2*PI(),0,Y6/2*D6/1000) -> 0.52146282 | AC6: =IF(Y6<=2*PI(),(1-COS(Y6/2))*D6/1000/2,0) -> 0.18657284 | AD6: =IF(Y6>2*PI(),0,(D6/1000/4)*(Y6-(SIN(Y6)))/Y6) -> 0.075344809 | AE6: =AC6/(D6/1000) -> 0.74629134 | AF6: =1000*AD6*E6*10 -> 3.3905164 | AG6: =(AD6^(2/3)*E6^0.5/F6) -> 0.92051696
